id,conversation_id,created_at,date,time,timezone,user_id,username,name,place,tweet,language,mentions,urls,photos,replies_count,retweets_count,likes_count,hashtags,cashtags,link,retweet,quote_url,video,thumbnail,near,geo,source,user_rt_id,user_rt,retweet_id,reply_to,retweet_date,translate,trans_src,trans_dest
1424779137433182209,1422059607095136262,2021-08-09 20:06:32 TÃ¼rkiye Standart Saati,2021-08-09,20:06:32,+0300,975568110,skarahan1956,sÃ¼leyman karahan,,"@DiyanetTV GÃ¼ncel Dini meseleler koloÄŸlu diyanet TV programÄ±nÄ± sadece erkek dinleyici veya gÃ¶revlilerin alÄ±nmÄ±ÅŸ olmasÄ±, kadÄ±n dinleyici veya gÃ¶revlilerin olmayÄ±ÅŸÄ± Ã§ok olumsuz bir izlenim vermektedir.",tr,[],[],[],0,0,0,[],[],https://twitter.com/skarahan1956/status/1424779137433182209,False,,0,,,,,,,,"[{'screen_name': 'DiyanetTV', 'name': 'Diyanet TV', 'id': '1022121524'}]",,,,
1424776937583562755,1424776937583562755,2021-08-09 19:57:47 TÃ¼rkiye Standart Saati,2021-08-09,19:57:47,+0300,1392220341217464321,1bahce_,ğŸŒ¸,,@DiyanetTV @akpusmaz @IsliyenDr @RTErdogan @celaleddin_gul @DIBAliErbas @bnymnalbayrak  #DibGÃ¶reveHazÄ±rÄ±z,und,"[{'screen_name': 'akpusmaz', 'name': 'akif pusmaz', 'id': '795201479577600000'}, {'screen_name': 'isliyendr', 'name': 'burhan iÌ‡ÅŸliÌ‡yen', 'id': '1131536077305597953'}, {'screen_name': 'rterdogan', 'name': 'recep tayyip erdoÄŸan', 'id': '68034431'}, {'screen_name': 'celaleddin_gul', 'name': 'celaleddin gÃ¼l', 'id': '804255733269327872'}, {'screen_name': 'dibalierbas', 'name': 'prof. dr. ali erbaÅŸ', 'id': '909131904909287425'}, {'screen_name': 'bnymnalbayrak', 'name': 'bÃ¼nyamin albayrak', 'id': '710571360028901376'}]",[],[],0,1,2,['dibgÃ¶revehazÄ±rÄ±z'],[],https://twitter.com/1bahce_/status/1424776937583562755,False,,0,,,,,,,,[],,,,
1424465364625285123,1424464379190390784,2021-08-08 23:19:42 TÃ¼rkiye Standart Saati,2021-08-08,23:19:42,+0300,916039624082051072,ercumentyldrm35,ErcÃ¼ment YILDIRIM,,@DiyanetTV AÄŸustos ayÄ±ndayÄ±z aloooo. Muharrem kutlamak istiyorsanÄ±z Suudi Arabistana kadar yolunuz var. Burada miladi takvim geÃ§erli!,tr,[],[],[],1,0,1,[],[],https://twitter.com/ErcumentYLDRM35/status/1424465364625285123,False,,0,,,,,,,,"[{'screen_name': 'DiyanetTV', 'name': 'Diyanet TV', 'id': '1022121524'}]",,,,
1424456514358685698,1424432733082820608,2021-08-08 22:44:32 TÃ¼rkiye Standart Saati,2021-08-08,22:44:32,+0300,751134588,sebahat_dogen,Sebahat DÃ¶ÄŸen,,@DiyanetTV Bursa Ulucamii Cuma NamazÄ± #Bursa #BursaUlucamii #UlucamiicumanamazÄ± #EzanÄ±ÅŸerif  https://t.co/S8iTSgcZQR,tr,[],['https://youtu.be/YSxyqPgvvqc'],[],0,0,0,"['bursa', 'bursaulucamii', 'ulucamiicumanamazÄ±', 'ezanÄ±ÅŸerif']",[],https://twitter.com/Sebahat_Dogen/status/1424456514358685698,False,,0,,,,,,,,"[{'screen_name': 'DiyanetTV', 'name': 'Diyanet TV', 'id': '1022121524'}]",,,,
1424456231926775811,1417859345522561025,2021-08-08 22:43:25 TÃ¼rkiye Standart Saati,2021-08-08,22:43:25,+0300,751134588,sebahat_dogen,Sebahat DÃ¶ÄŸen,,@DiyanetTV Hz.Muhammed(sav)24.KuÅŸak Soyundan Gelen Somuncu Baba Efsanesi  #SomuncuBaba #SomuncuBabaefanesi  https://t.co/1YC1NwOUD1,tr,[],['https://youtu.be/SLybvIOhUI8'],[],0,0,0,"['somuncubaba', 'somuncubabaefanesi']",[],https://twitter.com/Sebahat_Dogen/status/1424456231926775811,False,,0,,,,,,,,"[{'screen_name': 'DiyanetTV', 'name': 'Diyanet TV', 'id': '1022121524'}]",,,,
1424456145402478596,1417859345522561025,2021-08-08 22:43:04 TÃ¼rkiye Standart Saati,2021-08-08,22:43:04,+0300,751134588,sebahat_dogen,Sebahat DÃ¶ÄŸen,,@DiyanetTV MuhteÅŸem Ulu Camii Belgeseli -Grand Mosque / Bursa #Bursa #BursaUlucamii #SomuncuBaba #GrandMosque  https://t.co/zrfLtb5geG,tr,[],['https://youtu.be/1zPMeI743dM'],[],0,0,0,"['bursa', 'bursaulucamii', 'somuncubaba', 'grandmosque']",[],https://twitter.com/Sebahat_Dogen/status/1424456145402478596,False,,0,,,,,,,,"[{'screen_name': 'DiyanetTV', 'name': 'Diyanet TV', 'id': '1022121524'}]",,,,
1424456033628561415,1417859345522561025,2021-08-08 22:42:38 TÃ¼rkiye Standart Saati,2021-08-08,22:42:38,+0300,751134588,sebahat_dogen,Sebahat DÃ¶ÄŸen,,@DiyanetTV Bursa Emir Sultan Camii ve TÃ¼rbesi 1bÃ¶lÃ¼m #Bursa #EmirSultancamii #EmirsultantÃ¼rbesi #Bursacamiileri  https://t.co/eCuNQeL28v,tr,[],['https://youtu.be/bplxD4hTiVk'],[],0,0,0,"['bursa', 'emirsultancamii', 'emirsultantÃ¼rbesi', 'bursacamiileri']",[],https://twitter.com/Sebahat_Dogen/status/1424456033628561415,False,,0,,,,,,,,"[{'screen_name': 'DiyanetTV', 'name': 'Diyanet TV', 'id': '1022121524'}]",,,,
1424277410539786241,1423980852749406214,2021-08-08 10:52:51 TÃ¼rkiye Standart Saati,2021-08-08,10:52:51,+0300,3325303127,mehmetaligursy,Mehmet Ali GÃœRSOY,,@DiyanetTV 1 haftadÄ±r sizleri bekledik hocalarÄ±nm keÅŸke Ã¶nceden dua etseydiniz bir de galiba heycanda sayÄ±n cumhurbaÅŸkanÄ±mÄ±zÄ±n tensipleri ile duaâ€™ya Ã§Ä±ktÄ±k demeyi unutmuÅŸsunuz,tr,[],[],[],0,0,0,[],[],https://twitter.com/mehmetaligursy/status/1424277410539786241,False,,0,,,,,,,,"[{'screen_name': 'DiyanetTV', 'name': 'Diyanet TV', 'id': '1022121524'}]",,,,
1424259618948136961,1423980852749406214,2021-08-08 09:42:09 TÃ¼rkiye Standart Saati,2021-08-08,09:42:09,+0300,722591586,ydinhamidi,ğŸ‡¹ğŸ‡·M.AydÄ±n HAMÄ°DÄ°,,@DiyanetTV  https://t.co/KJ1SKhpHke,und,[],[],['https://pbs.twimg.com/media/E8P8kc8WQAACONO.jpg'],0,0,0,[],[],https://twitter.com/ydinhamidi/status/1424259618948136961,False,,1,https://pbs.twimg.com/media/E8P8kc8WQAACONO.jpg,,,,,,,[],,,,
1424257376874545156,1424226382201114629,2021-08-08 09:33:14 TÃ¼rkiye Standart Saati,2021-08-08,09:33:14,+0300,2293579489,kurtarantrkoglu,Kurtaran TÃ¼rkoÄŸlu,,@DiyanetTV Amin,en,[],[],[],0,0,0,[],[],https://twitter.com/KurtaranTrkoglu/status/1424257376874545156,False,,0,,,,,,,,"[{'screen_name': 'DiyanetTV', 'name': 'Diyanet TV', 'id': '1022121524'}]",,,,
1424187045723971589,1417859345522561025,2021-08-08 04:53:46 TÃ¼rkiye Standart Saati,2021-08-08,04:53:46,+0300,1419531036757831680,fatiherikli14,Fatih Erikli,,@DiyanetTV Siktir git,tr,[],[],[],0,0,0,[],[],https://twitter.com/FatihErikli14/status/1424187045723971589,False,,0,,,,,,,,"[{'screen_name': 'DiyanetTV', 'name': 'Diyanet TV', 'id': '1022121524'}]",,,,
1424120220092964876,1424079142241411074,2021-08-08 00:28:14 TÃ¼rkiye Standart Saati,2021-08-08,00:28:14,+0300,4581157881,dincerhdincer1,hÃ¼seyin,,"@DiyanetTV Aylar Ã¶nce twit atarak bu camiye yardim edelim, gerekiyorsa Diyanet bu konuda kampanya baslatsin demiÅŸtim.",tr,[],[],[],0,0,0,[],[],https://twitter.com/DincerHdincer1/status/1424120220092964876,False,,0,,,,,,,,"[{'screen_name': 'DiyanetTV', 'name': 'Diyanet TV', 'id': '1022121524'}]",,,,
1424097984049033227,1424097984049033227,2021-08-07 22:59:52 TÃ¼rkiye Standart Saati,2021-08-07,22:59:52,+0300,4620710895,ramazanyuksel22,Ramazan YÃœKSEL,,@DiyanetTV @diyanetbasin @ihsansenocak @aDilipak @DIBAliErbas,und,"[{'screen_name': 'diyanetbasin', 'name': 'diyanet', 'id': '414672171'}, {'screen_name': 'ihsansenocak', 'name': 'iÌ‡hsan ÅŸenocak', 'id': '1102199180'}, {'screen_name': 'adilipak', 'name': 'abdurrahman dilipak', 'id': '282510651'}, {'screen_name': 'dibalierbas', 'name': 'prof. dr. ali erbaÅŸ', 'id': '909131904909287425'}]",[],[],0,0,0,[],[],https://twitter.com/ramazanyuksel22/status/1424097984049033227,False,https://twitter.com/ramazanyuksel22/status/1424097587079131139,0,,,,,,,,[],,,,
1424087903697838083,1423980852749406214,2021-08-07 22:19:49 TÃ¼rkiye Standart Saati,2021-08-07,22:19:49,+0300,1382721799331405825,yerhanpolat1,Yusuf Erhan Polat(YEP)ğŸ‡¹ğŸ‡·,,@DiyanetTV @RizaAts Amin.,en,[],[],[],0,0,1,[],[],https://twitter.com/YErhanPolat1/status/1424087903697838083,False,,0,,,,,,,,"[{'screen_name': 'DiyanetTV', 'name': 'Diyanet TV', 'id': '1022121524'}, {'screen_name': 'RizaAts', 'name': 'ğŸ‡¹ğŸ‡·ğŸ‡¹ğŸ‡·RÄ±za ATEÅğŸ‡¹ğŸ‡·ğŸ‡¹ğŸ‡·', 'id': '1155950990266425344'}]",,,,
1424035260333953025,1423980852749406214,2021-08-07 18:50:38 TÃ¼rkiye Standart Saati,2021-08-07,18:50:38,+0300,751680863973306368,drhalilier55_er,halil ibrahim er,,"@DiyanetTV Ä°ÅŸte o kuÅŸ,karÄ±nca,yaprak,aÄŸaÃ§,toprak hÃ¼rmetine birÃ§ok haysiyetsiz cehennemi tadacak inÅŸallah.ahiret dÃ¼nyadaki gibi suÃ§lularÄ±n koruyup kollandÄ±ÄŸÄ± bir yer deÄŸil..inÅŸallah cezalarÄ± ahirete kalmadan dÃ¼nyada yaÅŸarken gÃ¶rÃ¼lÃ¼r.",tr,[],[],[],1,0,1,[],[],https://twitter.com/drhalilier55_er/status/1424035260333953025,False,,0,,,,,,,,"[{'screen_name': 'DiyanetTV', 'name': 'Diyanet TV', 'id': '1022121524'}]",,,,
1423983731522551811,1423980852749406214,2021-08-07 15:25:52 TÃ¼rkiye Standart Saati,2021-08-07,15:25:52,+0300,798875048241152000,kuranikerim9999,Kur'an-Ä± Kerim,,@DiyanetTV Allah razÄ± olsun aÄŸzÄ±nÄ±za saÄŸlÄ±k hocam,tr,[],[],[],0,0,0,[],[],https://twitter.com/KuraniKerim9999/status/1423983731522551811,False,,0,,,,,,,,"[{'screen_name': 'DiyanetTV', 'name': 'Diyanet TV', 'id': '1022121524'}]",,,,
1423981242035445767,1423980852749406214,2021-08-07 15:15:59 TÃ¼rkiye Standart Saati,2021-08-07,15:15:59,+0300,1259942030245011457,ay47801033,AyÅŸe.,,@DiyanetTV Amin amin amin,en,[],[],[],0,0,0,[],[],https://twitter.com/Ay47801033/status/1423981242035445767,False,,0,,,,,,,,"[{'screen_name': 'DiyanetTV', 'name': 'Diyanet TV', 'id': '1022121524'}]",,,,
1423961214279950337,1417859345522561025,2021-08-07 13:56:24 TÃ¼rkiye Standart Saati,2021-08-07,13:56:24,+0300,1291728216961560576,ballporsuqu,BAL PORSUÄU,,@DiyanetTV  https://t.co/YQsSbnmq0I,und,[],['https://twitter.com/ballporsuqu/status/1423960802432888832'],[],0,0,0,[],[],https://twitter.com/ballporsuqu/status/1423961214279950337,False,https://twitter.com/ballporsuqu/status/1423960802432888832,0,,,,,,,,"[{'screen_name': 'DiyanetTV', 'name': 'Diyanet TV', 'id': '1022121524'}]",,,,
1423960802432888832,1423960802432888832,2021-08-07 13:54:45 TÃ¼rkiye Standart Saati,2021-08-07,13:54:45,+0300,1291728216961560576,ballporsuqu,BAL PORSUÄU,,@DiyanetTV  #OsmanlÄ±PadiÅŸahlarÄ± isimli tv proÄŸramÄ± hangi gerekÃ§eyle yayÄ±nlÄ±yorsunuz? ÅeyhÃ¼lislamlarÄ± inceleseniz anlatsanÄ±z tamam da padiÅŸahlarla nasÄ±l bir baÄŸlantÄ± kurdunuz yayÄ±n politikanÄ±zla?,tr,[],[],[],0,0,0,['osmanlÄ±padiÅŸahlarÄ±'],[],https://twitter.com/ballporsuqu/status/1423960802432888832,False,,0,,,,,,,,[],,,,
1423935430194573315,1423556239078924288,2021-08-07 12:13:56 TÃ¼rkiye Standart Saati,2021-08-07,12:13:56,+0300,1127328477420691456,bircanmimar,bircanmimar,,@DiyanetTV Amin.,en,[],[],[],0,0,0,[],[],https://twitter.com/bircanmimar/status/1423935430194573315,False,,0,,,,,,,,"[{'screen_name': 'DiyanetTV', 'name': 'Diyanet TV', 'id': '1022121524'}]",,,,
1423806306553565186,1423556239078924288,2021-08-07 03:40:51 TÃ¼rkiye Standart Saati,2021-08-07,03:40:51,+0300,730509935386230784,melamettin,barÄ±ÅŸ ateÅŸ,,"@DiyanetTV DuanÄ±za niye hiÃ§ karÅŸÄ±lÄ±k verilmiyor biliyor musunuz?  Ã‡Ã¼nkÃ¼ samimi deÄŸilsiniz. HaksÄ±zlÄ±klara karÅŸÄ± Ã§Ä±kmÄ±yor, sus-pus oluyorsunuz ve bunu AllahÄ±mÄ±z da gÃ¶rÃ¼yor, insanlarÄ±mÄ±z da.  Bu duadan hayÄ±r gelir mi hiÃ§?  Ã–nce bir arÄ±nÄ±n.",tr,[],[],[],0,0,1,[],[],https://twitter.com/melamettin/status/1423806306553565186,False,,0,,,,,,,,"[{'screen_name': 'DiyanetTV', 'name': 'Diyanet TV', 'id': '1022121524'}]",,,,
1423741196044808197,1423716754149101570,2021-08-06 23:22:07 TÃ¼rkiye Standart Saati,2021-08-06,23:22:07,+0300,1399726452652843009,ashabke01042948,ashabÄ± kehf,,@DiyanetTV Yatacak yeriniz yok sizin,tr,[],[],[],0,0,0,[],[],https://twitter.com/ashabke01042948/status/1423741196044808197,False,,0,,,,,,,,"[{'screen_name': 'DiyanetTV', 'name': 'Diyanet TV', 'id': '1022121524'}]",,,,
1423740168952066049,1423716754149101570,2021-08-06 23:18:02 TÃ¼rkiye Standart Saati,2021-08-06,23:18:02,+0300,796390180684963840,m_gidal,Mehrican Gidal,,"@DiyanetTV BaÅŸlangÄ±Ã§ta rakamlarla oynayan, milleti yanÄ±ltÄ±rken bÃ¼yÃ¼k ÅŸehir belediyelerinin verdiÄŸi rakamlarla zor duruma dÃ¼ÅŸÃ¼p rakamlarÄ± doÄŸru aÃ§Ä±klamaya zorlanarak, kabak gibi gÃ¶rÃ¼nen gerÃ§eklerin zorlamasÄ±yla yalanlarÄ± yakalanan bir kadronun ÅŸimdi de yalan sÃ¶ylemediÄŸi ne malum?",tr,[],[],[],1,0,0,[],[],https://twitter.com/M_Gidal/status/1423740168952066049,False,,0,,,,,,,,"[{'screen_name': 'DiyanetTV', 'name': 'Diyanet TV', 'id': '1022121524'}]",,,,
1423633876270960647,1423622583589736450,2021-08-06 16:15:40 TÃ¼rkiye Standart Saati,2021-08-06,16:15:40,+0300,1283064825925574657,salihsamiguler5,Salihsamiguler,,@DiyanetTV Amin,en,[],[],[],0,0,0,[],[],https://twitter.com/Salihsamiguler5/status/1423633876270960647,False,,0,,,,,,,,"[{'screen_name': 'DiyanetTV', 'name': 'Diyanet TV', 'id': '1022121524'}]",,,,
1423607179467177984,1423556239078924288,2021-08-06 14:29:35 TÃ¼rkiye Standart Saati,2021-08-06,14:29:35,+0300,1009876479373606913,mustafaucar1668,mustafa uÃ§ar ğŸ‡¹ğŸ‡·,,@DiyanetTV @MURAT_YARAR15 Amin inÅŸallah. Allahâ€™Ä±m rahmetini bizlerden esirgeme.,tr,[],[],[],0,0,3,[],[],https://twitter.com/mustafaucar1668/status/1423607179467177984,False,,0,,,,,,,,"[{'screen_name': 'DiyanetTV', 'name': 'Diyanet TV', 'id': '1022121524'}, {'screen_name': 'MURAT_YARAR15', 'name': 'MURAT YARAR', 'id': '969453592095723520'}]",,,,
1423602717688225798,1423290336873357312,2021-08-06 14:11:51 TÃ¼rkiye Standart Saati,2021-08-06,14:11:51,+0300,1102176670386212864,mustafa93381272,mustafa,,"@DiyanetTV ArkadaÅŸlar! Gidip, Toros DaÄŸlarÄ±'na bakÄ±nÄ±z, eÄŸer orada bir tek YÃ¶rÃ¼k Ã§adÄ±rÄ± gÃ¶rÃ¼rseniz ve o Ã§adÄ±rda bir duman tÃ¼tÃ¼yorsa, ÅŸunu Ã§ok iyi biliniz ki bu dÃ¼nyada hiÃ§bir gÃ¼Ã§ ve kuvvet asla bizi yenemez. GAZÄ° MUSTAFA KEMAL ATATÃœRK",tr,[],[],[],0,0,0,[],[],https://twitter.com/mustafa93381272/status/1423602717688225798,False,,0,,,,,,,,"[{'screen_name': 'DiyanetTV', 'name': 'Diyanet TV', 'id': '1022121524'}]",,,,
1423558444456583168,1423556239078924288,2021-08-06 11:15:56 TÃ¼rkiye Standart Saati,2021-08-06,11:15:56,+0300,3245121023,sdt_krl,Sedat Karali,,@DiyanetTV Amin,en,[],[],[],0,0,0,[],[],https://twitter.com/sdt_krl/status/1423558444456583168,False,,0,,,,,,,,"[{'screen_name': 'DiyanetTV', 'name': 'Diyanet TV', 'id': '1022121524'}]",,,,
1423557127331893251,1423556239078924288,2021-08-06 11:10:42 TÃ¼rkiye Standart Saati,2021-08-06,11:10:42,+0300,1394697002571771905,farukilker23,Ã–mer Faruk Ã‡OBAN,,@DiyanetTV Amin.,en,[],[],[],0,0,0,[],[],https://twitter.com/Farukilker23/status/1423557127331893251,False,,0,,,,,,,,"[{'screen_name': 'DiyanetTV', 'name': 'Diyanet TV', 'id': '1022121524'}]",,,,
1423556958414585857,1423556239078924288,2021-08-06 11:10:01 TÃ¼rkiye Standart Saati,2021-08-06,11:10:01,+0300,1236136451324219392,zzehra_gunes,Zehra GÃ¼neÅŸ ğŸŒ¿,,@DiyanetTV Amin ğŸ¤²ğŸ»ğŸŒ§ï¸ğŸŒ§ï¸ğŸŒ§ï¸,en,[],[],[],0,0,0,[],[],https://twitter.com/zzehra_gunes/status/1423556958414585857,False,,0,,,,,,,,"[{'screen_name': 'DiyanetTV', 'name': 'Diyanet TV', 'id': '1022121524'}]",,,,
1423521972584128514,1423501635461001217,2021-08-06 08:51:00 TÃ¼rkiye Standart Saati,2021-08-06,08:51:00,+0300,1362468613119217664,omerali0102,Ã–mer Ali,,@DiyanetTV Amin.,en,[],[],[],0,0,0,[],[],https://twitter.com/OmerAli0102/status/1423521972584128514,False,,0,,,,,,,,"[{'screen_name': 'DiyanetTV', 'name': 'Diyanet TV', 'id': '1022121524'}]",,,,
1423504749333200898,1423501635461001217,2021-08-06 07:42:34 TÃ¼rkiye Standart Saati,2021-08-06,07:42:34,+0300,200162411,aggeyik,Ahmet GEYÄ°K â™’,,@DiyanetTV AllahÄ±m senin adÄ±nla zalimlik yapan mÃ¼nafÄ±k yÃ¶neticilere merhamet etme.,tr,[],[],[],0,0,0,[],[],https://twitter.com/aggeyik/status/1423504749333200898,False,,0,,,,,,,,"[{'screen_name': 'DiyanetTV', 'name': 'Diyanet TV', 'id': '1022121524'}]",,,,
1423381938618966016,1423380809059291138,2021-08-05 23:34:33 TÃ¼rkiye Standart Saati,2021-08-05,23:34:33,+0300,1397156135216553986,fahrettinaktr14,Fahrettin AktÃ¼rk,,@DiyanetTV Amin amin ecmain,en,[],[],[],0,0,0,[],[],https://twitter.com/FahrettinAktr14/status/1423381938618966016,False,,0,,,,,,,,"[{'screen_name': 'DiyanetTV', 'name': 'Diyanet TV', 'id': '1022121524'}]",,,,
1423175756025315328,1423139217627041798,2021-08-05 09:55:16 TÃ¼rkiye Standart Saati,2021-08-05,09:55:16,+0300,1222224384385081344,mustafa46796006,Mustafa Bozan,,@DiyanetTV Amin inÅŸaallah,tr,[],[],[],0,0,0,[],[],https://twitter.com/Mustafa46796006/status/1423175756025315328,False,,0,,,,,,,,"[{'screen_name': 'DiyanetTV', 'name': 'Diyanet TV', 'id': '1022121524'}]",,,,
1423150238995468289,1423139217627041798,2021-08-05 08:13:52 TÃ¼rkiye Standart Saati,2021-08-05,08:13:52,+0300,3087142861,inadina_16texas,Ä°SA KORKUDANğŸŠğŸ’šğŸŠ,,@DiyanetTV AMÄ°N,en,[],[],[],0,0,0,[],[],https://twitter.com/INADINA_16TEXAS/status/1423150238995468289,False,,0,,,,,,,,"[{'screen_name': 'DiyanetTV', 'name': 'Diyanet TV', 'id': '1022121524'}]",,,,
1423140921575624711,1423139217627041798,2021-08-05 07:36:51 TÃ¼rkiye Standart Saati,2021-08-05,07:36:51,+0300,194022806,vizy10,ASTOR Hamza Ali ÅEN,,@DiyanetTV Hutbelerde ÅŸeytanÄ±n KÄ±yamete kadar AdemoÄŸlunu kandÄ±rmak iÃ§in Ã§alÄ±ÅŸacaÄŸÄ±nÄ± ve NWO iÃ§in bu salgÄ±n yangÄ±nlarÄ± Deccaliyetin Ã§Ä±kardÄ±ÄŸÄ±nÄ± mÃ¼minlere mRNA Gen KimyasalÄ±nÄ±n AtalarÄ±mÄ±zdan gelen Allah inancÄ± genlerimizi bozacaÄŸÄ±nÄ± anlatÄ±n.  Rabbimiz Her Åeyi Bilmektedir.,tr,[],[],[],0,2,1,[],[],https://twitter.com/vizy10/status/1423140921575624711,False,,0,,,,,,,,"[{'screen_name': 'DiyanetTV', 'name': 'Diyanet TV', 'id': '1022121524'}]",,,,
1423140623410925568,1423139217627041798,2021-08-05 07:35:39 TÃ¼rkiye Standart Saati,2021-08-05,07:35:39,+0300,770257982647074816,_hayatmemat_,Hayat,,@DiyanetTV BugÃ¼n ve yarÄ±n yaÄŸmur duasÄ±na Ã§Ä±kÄ±lsÄ±n  @diyanetTV,tr,"[{'screen_name': 'diyanettv', 'name': 'diyanet tv', 'id': '1022121524'}]",[],[],0,0,0,[],[],https://twitter.com/_HayatMemat_/status/1423140623410925568,False,,0,,,,,,,,"[{'screen_name': 'DiyanetTV', 'name': 'Diyanet TV', 'id': '1022121524'}]",,,,
1422909390487699467,1422589338467062722,2021-08-04 16:16:49 TÃ¼rkiye Standart Saati,2021-08-04,16:16:49,+0300,1283064825925574657,salihsamiguler5,Salihsamiguler,,@DiyanetTV Amin,en,[],[],[],0,0,0,[],[],https://twitter.com/Salihsamiguler5/status/1422909390487699467,False,,0,,,,,,,,"[{'screen_name': 'DiyanetTV', 'name': 'Diyanet TV', 'id': '1022121524'}]",,,,
1422784447397642240,1422776849860603911,2021-08-04 08:00:20 TÃ¼rkiye Standart Saati,2021-08-04,08:00:20,+0300,2293579489,kurtarantrkoglu,Kurtaran TÃ¼rkoÄŸlu,,@DiyanetTV Amin,en,[],[],[],0,0,0,[],[],https://twitter.com/KurtaranTrkoglu/status/1422784447397642240,False,,0,,,,,,,,"[{'screen_name': 'DiyanetTV', 'name': 'Diyanet TV', 'id': '1022121524'}]",,,,
1422599846490525696,1422526381955629057,2021-08-03 19:46:48 TÃ¼rkiye Standart Saati,2021-08-03,19:46:48,+0300,1275519590907482112,glhan15887532,GÃœLHAN,,@DiyanetTV Allah yar ve yardÄ±mcÄ±nÄ±z olsun inÅŸallah,tr,[],[],[],0,0,0,[],[],https://twitter.com/GLHAN15887532/status/1422599846490525696,False,,0,,,,,,,,"[{'screen_name': 'DiyanetTV', 'name': 'Diyanet TV', 'id': '1022121524'}]",,,,
1422532449330995203,1422532449330995203,2021-08-03 15:18:59 TÃ¼rkiye Standart Saati,2021-08-03,15:18:59,+0300,1080865658903191557,erturulgener1,ErtuÄŸrul GenÃ§er,,@DiyanetTV  neden bÃ¼tÃ¼n TÃ¼rkiye olarak bir yaÄŸmur duasÄ±na Ã§Ä±kmÄ±yoruz diyanet'in Ã¶ncÃ¼lÃ¼ÄŸÃ¼nde bÃ¼tÃ¼n TÃ¼rkiye'yi yaÄŸmur duasÄ±na davet ediyorum lÃ¼tfen Allah rÄ±zasÄ± iÃ§in,tr,[],[],[],0,0,0,[],[],https://twitter.com/ErturulGener1/status/1422532449330995203,False,,0,,,,,,,,[],,,,
1422512870567211009,1422512576638844928,2021-08-03 14:01:12 TÃ¼rkiye Standart Saati,2021-08-03,14:01:12,+0300,1400768113063333888,busur313,Dan,,"@DiyanetTV Media, Journalists and Opposition party will continue to criticise the PTI Government and its members, but Imran Khan will continue to ignore their responses. Then troubles for Pakistan grow so much that Imran Khan will fail. Muhammad Qasimâ€™s dreams are coming true.",en,[],[],[],0,0,0,[],[],https://twitter.com/busur313/status/1422512870567211009,False,,0,,,,,,,,"[{'screen_name': 'DiyanetTV', 'name': 'Diyanet TV', 'id': '1022121524'}]",,,,
1422420375690940418,1422391775566647298,2021-08-03 07:53:39 TÃ¼rkiye Standart Saati,2021-08-03,07:53:39,+0300,1318209901508833282,sndz79507797,SÃ¼ndÃ¼z,,@DiyanetTV Amiiiiiiiiin,en,[],[],[],0,0,0,[],[],https://twitter.com/Sndz79507797/status/1422420375690940418,False,,0,,,,,,,,"[{'screen_name': 'DiyanetTV', 'name': 'Diyanet TV', 'id': '1022121524'}]",,,,
1422277768591642630,1422277768591642630,2021-08-02 22:26:59 TÃ¼rkiye Standart Saati,2021-08-02,22:26:59,+0300,3341452821,sevket_azdavay,Åevket Hoca,,@DiyanetTV  olarak YaÄŸmur duasÄ±na Ã§Ä±kÄ±lsa! Allah'dan yaÄŸmur istesek. O bÃ¼tÃ¼n yangÄ±nÄ± yaÄŸmuruyla sÃ¶ndÃ¼rÃ¼r. O Kadir'dir. Her ÅŸeye gÃ¼cÃ¼ yetendir,tr,[],[],[],0,0,0,[],[],https://twitter.com/sevket_azdavay/status/1422277768591642630,False,,0,,,,,,,,[],,,,
1422159050901442563,1417859345522561025,2021-08-02 14:35:14 TÃ¼rkiye Standart Saati,2021-08-02,14:35:14,+0300,1063750506428928000,ikahkecizade,Ä°brahim Kahkecizade,,@DiyanetTV  https://t.co/v5Bp4ehcnv,und,[],[],['https://pbs.twimg.com/media/E7yGHm6WEAYQwVw.png'],0,0,0,[],[],https://twitter.com/IKahkecizade/status/1422159050901442563,False,,1,https://pbs.twimg.com/media/E7yGHm6WEAYQwVw.png,,,,,,,[],,,,
1422061554669920257,1422052083340034048,2021-08-02 08:07:49 TÃ¼rkiye Standart Saati,2021-08-02,08:07:49,+0300,1015403931533500417,fatos_secil,FatoÅŸ SeÃ§il ÅengÃ¼l,,@DiyanetTV Amin ğŸ™ğŸ»,en,[],[],[],0,0,0,[],[],https://twitter.com/fatos_secil/status/1422061554669920257,False,,0,,,,,,,,"[{'screen_name': 'DiyanetTV', 'name': 'Diyanet TV', 'id': '1022121524'}]",,,,
1421886884842717187,1417859345522561025,2021-08-01 20:33:45 TÃ¼rkiye Standart Saati,2021-08-01,20:33:45,+0300,1271709295,fikrettttt11,Fikret Topcu,,@DiyanetTV YaÄŸmur duasÄ± zamanÄ±!,tr,[],[],[],0,0,0,[],[],https://twitter.com/fikrettttt11/status/1421886884842717187,False,,0,,,,,,,,"[{'screen_name': 'DiyanetTV', 'name': 'Diyanet TV', 'id': '1022121524'}]",,,,
1421725147262820355,1421725147262820355,2021-08-01 09:51:04 TÃ¼rkiye Standart Saati,2021-08-01,09:51:04,+0300,1346032151070986241,hikmetflix,HikMetFLix,,"@DiyanetTV @diyanetbasin @DIBAliErbas Bu aziz milleti, bu Ä°slam coÄŸrafyasÄ±ndaki yangÄ±nlara mukabil YAÄMUR DUASINA Ã§aÄŸÄ±rmak iÃ§in ne bekliyorsunuz?  https://t.co/FMCbavhPAQ",tr,"[{'screen_name': 'diyanetbasin', 'name': 'diyanet', 'id': '414672171'}, {'screen_name': 'dibalierbas', 'name': 'prof. dr. ali erbaÅŸ', 'id': '909131904909287425'}]",['https://www.instagram.com/p/CSBbmqetbcm/?utm_medium=twitter'],[],0,1,0,[],[],https://twitter.com/HikMetFLix/status/1421725147262820355,False,,0,,,,,,,,[],,,,
1421724616440025089,1421724616440025089,2021-08-01 09:48:57 TÃ¼rkiye Standart Saati,2021-08-01,09:48:57,+0300,517914493,hikmethocaoglu,Hikmet HocaoÄŸlu,,"@DiyanetTV @diyanetbasin @DIBAliErbas Bu aziz milleti, bu Ä°slam coÄŸrafyasÄ±ndaki yangÄ±nlara mukabil YAÄMUR DUASINA Ã§aÄŸÄ±rmak iÃ§in ne bekliyorsunuz?",tr,"[{'screen_name': 'diyanetbasin', 'name': 'diyanet', 'id': '414672171'}, {'screen_name': 'dibalierbas', 'name': 'prof. dr. ali erbaÅŸ', 'id': '909131904909287425'}]",[],[],0,0,1,[],[],https://twitter.com/HikmetHocaoglu/status/1421724616440025089,False,,0,,,,,,,,[],,,,
1421708999473483780,1421704810328363008,2021-08-01 08:46:54 TÃ¼rkiye Standart Saati,2021-08-01,08:46:54,+0300,1361270872082898944,osmanos98014384,kurtuluÅŸ bozdag,,@DiyanetTV ğŸ‡¹ğŸ‡·â¤,und,[],[],[],0,0,0,[],[],https://twitter.com/OsmanOs98014384/status/1421708999473483780,False,,0,,,,,,,,"[{'screen_name': 'DiyanetTV', 'name': 'Diyanet TV', 'id': '1022121524'}]",,,,
1421397056023941124,1421014036330815489,2021-07-31 12:07:21 TÃ¼rkiye Standart Saati,2021-07-31,12:07:21,+0300,1318209901508833282,sndz79507797,SÃ¼ndÃ¼z,,@DiyanetTV Allah rahmet eylesin mekanÄ± cennet olsun inÅŸallah,tr,[],[],[],0,0,0,[],[],https://twitter.com/Sndz79507797/status/1421397056023941124,False,,0,,,,,,,,"[{'screen_name': 'DiyanetTV', 'name': 'Diyanet TV', 'id': '1022121524'}]",,,,
1421393807195746309,1421389061869162498,2021-07-31 11:54:26 TÃ¼rkiye Standart Saati,2021-07-31,11:54:26,+0300,796390180684963840,m_gidal,Mehrican Gidal,,@DiyanetTV DoÄŸu TÃ¼rkistan'Ä± periÅŸanlÄ±k iÃ§erisinde bÄ±rakÄ±p katillerle oyun oynuyoruz.,tr,[],[],[],1,0,1,[],[],https://twitter.com/M_Gidal/status/1421393807195746309,False,,0,,,,,,,,"[{'screen_name': 'DiyanetTV', 'name': 'Diyanet TV', 'id': '1022121524'}]",,,,
1421318973916856323,1421063026246094850,2021-07-31 06:57:04 TÃ¼rkiye Standart Saati,2021-07-31,06:57:04,+0300,1315219182959689732,hocasef,Hoca Åef,,"@DiyanetTV Diyanetin acil yapmasÄ± gereken 3 Ã¶ncelik  A. Gerekli halde ve yerde erkek hafÄ±zlÄ±k kurslarÄ± yarÄ±ya indirilip ""kÄ±z kurslarÄ± iki katÄ±na Ã§Ä±karÄ±lmalÄ±""  B. KÄ±z kurslarÄ± dini ve kÃ¼ltÃ¼rel Ã¶zel eÄŸitim kursu olup  ""her yaÅŸa gÃ¶re eÄŸitim verebilmeli""",tr,[],[],[],1,0,0,[],[],https://twitter.com/HocaSef/status/1421318973916856323,False,,0,,,,,,,,"[{'screen_name': 'DiyanetTV', 'name': 'Diyanet TV', 'id': '1022121524'}]",,,,
1421312563556634627,1421108632327016451,2021-07-31 06:31:36 TÃ¼rkiye Standart Saati,2021-07-31,06:31:36,+0300,1315219182959689732,hocasef,Hoca Åef,,@DiyanetTV Diyanetin acil yapmasÄ± gereken 3 ÅŸeyden biri Yaz kurslarÄ±nÄ±n okullarla iÅŸ birliÄŸi ile tÃ¼m Ã§ocuklara ulaÅŸtÄ±rÄ±lmasÄ± EÄŸitim veren hocalarÄ±n az zamanda eÄŸitim vermelerinden dolayÄ± yÄ±l boyunca eÄŸitilmesi  EÄŸitim Ã¶nceliÄŸinin iman ve ahlak konularÄ±ndan sonra ezber ve tatbikata gecilmesi,tr,[],[],[],0,0,0,[],[],https://twitter.com/HocaSef/status/1421312563556634627,False,,0,,,,,,,,"[{'screen_name': 'DiyanetTV', 'name': 'Diyanet TV', 'id': '1022121524'}]",,,,
1421309309523214336,1421014036330815489,2021-07-31 06:18:40 TÃ¼rkiye Standart Saati,2021-07-31,06:18:40,+0300,1049601842,bebek61erkan,Erkan BEBEK,,@DiyanetTV Amiiiiin,en,[],[],[],0,0,0,[],[],https://twitter.com/Bebek61Erkan/status/1421309309523214336,False,,0,,,,,,,,"[{'screen_name': 'DiyanetTV', 'name': 'Diyanet TV', 'id': '1022121524'}]",,,,
1421243283674734595,1036569681124052995,2021-07-31 01:56:18 TÃ¼rkiye Standart Saati,2021-07-31,01:56:18,+0300,147930461,cemtoptas39,CEM TOPTAÅ,,@DiyanetTV @DiyanetVakfi Vallahi Billahi BÃ¶yle Bir Cami lazÄ±mdÄ±...YangÄ±n UÃ§aÄŸÄ± Ne ki!!!,tr,[],[],[],0,0,0,[],[],https://twitter.com/cemtoptas39/status/1421243283674734595,False,,0,,,,,,,,"[{'screen_name': 'DiyanetTV', 'name': 'Diyanet TV', 'id': '1022121524'}, {'screen_name': 'DiyanetVakfi', 'name': 'TÃ¼rkiye Diyanet VakfÄ±', 'id': '718765592'}]",,,,
1421216455937433605,1421014036330815489,2021-07-31 00:09:42 TÃ¼rkiye Standart Saati,2021-07-31,00:09:42,+0300,1237790948987482112,f_c_coskun,Fatma Ã‡elik CoÅŸkun,,@DiyanetTV Rabbim sevdiklerine sabrÄ± cemil ihsan eylesin ğŸ˜¢,tr,[],[],[],0,0,0,[],[],https://twitter.com/F_C_coskun/status/1421216455937433605,False,,0,,,,,,,,"[{'screen_name': 'DiyanetTV', 'name': 'Diyanet TV', 'id': '1022121524'}]",,,,
1421209542457692160,1036569681124052995,2021-07-30 23:42:14 TÃ¼rkiye Standart Saati,2021-07-30,23:42:14,+0300,84338031,akula35,ĞĞºÑƒĞ»Ğ°1907,,@DiyanetTV @DiyanetVakfi YaptÄ±ÄŸÄ±nÄ±z caminin oraya harcadÄ±ÄŸÄ±nÄ±z paranÄ±n ..........,tr,[],[],[],0,0,0,[],[],https://twitter.com/akula35/status/1421209542457692160,False,,0,,,,,,,,"[{'screen_name': 'DiyanetTV', 'name': 'Diyanet TV', 'id': '1022121524'}, {'screen_name': 'DiyanetVakfi', 'name': 'TÃ¼rkiye Diyanet VakfÄ±', 'id': '718765592'}]",,,,
1421162959477297158,1421161165921472513,2021-07-30 20:37:08 TÃ¼rkiye Standart Saati,2021-07-30,20:37:08,+0300,1410449557306150917,musa12212467,Musa,,@DiyanetTV O kadar bÃ¼tÃ§eyi nereye harca dÄ±nÄ±z,tr,[],[],[],0,0,0,[],[],https://twitter.com/Musa12212467/status/1421162959477297158,False,,0,,,,,,,,"[{'screen_name': 'DiyanetTV', 'name': 'Diyanet TV', 'id': '1022121524'}]",,,,
1421159775073619971,1421014036330815489,2021-07-30 20:24:28 TÃ¼rkiye Standart Saati,2021-07-30,20:24:28,+0300,1418149871891226631,mehmet19653308,Mehmet,,@DiyanetTV @DernegiIrfan MekanÄ±n cennet olsun sehidim,tr,[],[],[],0,0,0,[],[],https://twitter.com/Mehmet19653308/status/1421159775073619971,False,,0,,,,,,,,"[{'screen_name': 'DiyanetTV', 'name': 'Diyanet TV', 'id': '1022121524'}, {'screen_name': 'DernegiIrfan', 'name': 'ğ—”ğ—¡ğ—”ğ——ğ—¢ğ—Ÿğ—¨ Ä°ğ—¥ğ—™ğ—”ğ—¡ğ—œ ğ——ğ—˜ğ—¥ğ—¡ğ—˜ÄÄ°', 'id': '1278058669721161729'}]",,,,
1421131341098323972,1421108632327016451,2021-07-30 18:31:29 TÃ¼rkiye Standart Saati,2021-07-30,18:31:29,+0300,1410449557306150917,musa12212467,Musa,,@DiyanetTV Asla,tr,[],[],[],0,0,0,[],[],https://twitter.com/Musa12212467/status/1421131341098323972,False,,0,,,,,,,,"[{'screen_name': 'DiyanetTV', 'name': 'Diyanet TV', 'id': '1022121524'}]",,,,
1421124149305610241,1421115942998843403,2021-07-30 18:02:55 TÃ¼rkiye Standart Saati,2021-07-30,18:02:55,+0300,1389779601879142403,based_sunni0,Pahari Sultan,,@DiyanetTV Ø¢Ù…ÙŠÙ† ÙŠØ§Ø±Ø¨ Ø§Ù„Ø¹Ø§Ù„Ù…ÙŠÙ†,ar,[],[],[],0,0,0,[],[],https://twitter.com/Based_Sunni0/status/1421124149305610241,False,,0,,,,,,,,"[{'screen_name': 'DiyanetTV', 'name': 'Diyanet TV', 'id': '1022121524'}]",,,,
1421110677687750658,1421077769983860737,2021-07-30 17:09:23 TÃ¼rkiye Standart Saati,2021-07-30,17:09:23,+0300,796390180684963840,m_gidal,Mehrican Gidal,,"@DiyanetTV YangÄ±n sÃ¶ndÃ¼rme uÃ§aklarÄ± temin etmek yerine gÃ¶steriÅŸ ve israfla saraylar yapanlar, evladÄ± gemi ÅŸirketi sahibi olanlar, makam araÃ§larÄ±, hava, kara her tÃ¼rlÃ¼sÃ¼nÃ¼ temin edenler, milletin parasÄ±nÄ± gÃ¼ya milletin ÅŸanÄ±nÄ± gÃ¶stermek iÃ§in yiyenler hakkÄ±nda da bir fetva var mÄ±?",tr,[],[],[],0,0,0,[],[],https://twitter.com/M_Gidal/status/1421110677687750658,False,,0,,,,,,,,"[{'screen_name': 'DiyanetTV', 'name': 'Diyanet TV', 'id': '1022121524'}]",,,,
1421095617158340621,1421078767292895244,2021-07-30 16:09:32 TÃ¼rkiye Standart Saati,2021-07-30,16:09:32,+0300,1410449557306150917,musa12212467,Musa,,@DiyanetTV Bizden aldÄ±ÄŸÄ±nÄ±z vergiyi oraya harcayÄ±n,tr,[],[],[],0,0,0,[],[],https://twitter.com/Musa12212467/status/1421095617158340621,False,,0,,,,,,,,"[{'screen_name': 'DiyanetTV', 'name': 'Diyanet TV', 'id': '1022121524'}]",,,,
1421095354901176326,1421077769983860737,2021-07-30 16:08:29 TÃ¼rkiye Standart Saati,2021-07-30,16:08:29,+0300,1410449557306150917,musa12212467,Musa,,@DiyanetTV Size ayrÄ±lan bÃ¼tÃ§eyle fidan dikin,tr,[],[],[],0,0,0,[],[],https://twitter.com/Musa12212467/status/1421095354901176326,False,,0,,,,,,,,"[{'screen_name': 'DiyanetTV', 'name': 'Diyanet TV', 'id': '1022121524'}]",,,,
1421095016034930689,1421085714855469057,2021-07-30 16:07:09 TÃ¼rkiye Standart Saati,2021-07-30,16:07:09,+0300,1410449557306150917,musa12212467,Musa,,@DiyanetTV allah neden sÃ¶ndÃ¼rmedi,tr,[],[],[],1,0,0,[],[],https://twitter.com/Musa12212467/status/1421095016034930689,False,,0,,,,,,,,"[{'screen_name': 'DiyanetTV', 'name': 'Diyanet TV', 'id': '1022121524'}]",,,,
1421091531172294663,1421085714855469057,2021-07-30 15:53:18 TÃ¼rkiye Standart Saati,2021-07-30,15:53:18,+0300,1222277219172651009,bekta58073162,BektaÅŸ,,@DiyanetTV OrmanlarÄ±mÄ±z yakan terÃ¶r olduÄŸu gibi din adÄ±na gÃ¼ya tarikatlar kurup devletimizi tagut yÃ¶neticileri kafir ilan edip iÅŸit gibi Ã¶rgÃ¼tlere kapÄ± olan bu tÃ¼r faaliyetlere karÅŸÄ± Ã¶nlem almak mevkiniz icabÄ± iman borcunuzdur bunlara taxiz verilmemesi Ã¼midiyle baÅŸarÄ±lar diliyorum.,tr,[],[],[],0,0,0,[],[],https://twitter.com/Bekta58073162/status/1421091531172294663,False,,0,,,,,,,,"[{'screen_name': 'DiyanetTV', 'name': 'Diyanet TV', 'id': '1022121524'}]",,,,
1421075749604319233,1420964888961245187,2021-07-30 14:50:35 TÃ¼rkiye Standart Saati,2021-07-30,14:50:35,+0300,1282336030075625473,gl23851481,GÃ¼l,,@DiyanetTV Amin,en,[],[],[],0,0,0,[],[],https://twitter.com/Gl23851481/status/1421075749604319233,False,,0,,,,,,,,"[{'screen_name': 'DiyanetTV', 'name': 'Diyanet TV', 'id': '1022121524'}]",,,,
1421061914038317057,1420602534004150273,2021-07-30 13:55:37 TÃ¼rkiye Standart Saati,2021-07-30,13:55:37,+0300,1364998472747859971,hsanvarol20,Ä°hsan Varol,,@DiyanetTV Aaamiii,und,[],[],[],0,0,0,[],[],https://twitter.com/hsanVarol20/status/1421061914038317057,False,,0,,,,,,,,"[{'screen_name': 'DiyanetTV', 'name': 'Diyanet TV', 'id': '1022121524'}]",,,,
1421060856507420673,1421059916794576896,2021-07-30 13:51:24 TÃ¼rkiye Standart Saati,2021-07-30,13:51:24,+0300,1100663070819565569,eda70409157,EdağŸŒ¿,,@DiyanetTV NasÄ±l olacak bu sularla AllahÄ±m sen yardÄ±m et,tr,[],[],[],0,0,0,[],[],https://twitter.com/Eda70409157/status/1421060856507420673,False,,0,,,,,,,,"[{'screen_name': 'DiyanetTV', 'name': 'Diyanet TV', 'id': '1022121524'}]",,,,
1421049413158506501,1421014036330815489,2021-07-30 13:05:56 TÃ¼rkiye Standart Saati,2021-07-30,13:05:56,+0300,1359948056058290179,fatmasnbl7,Fatma SÃ¼nbÃ¼l,,@DiyanetTV Allah rahmet etsin .cennette salih kullarÄ±yla komÅŸu etsin inÅŸaallah,tr,[],[],[],0,0,0,[],[],https://twitter.com/FatmaSnbl7/status/1421049413158506501,False,,0,,,,,,,,"[{'screen_name': 'DiyanetTV', 'name': 'Diyanet TV', 'id': '1022121524'}]",,,,
1421030198213029888,1421014036330815489,2021-07-30 11:49:35 TÃ¼rkiye Standart Saati,2021-07-30,11:49:35,+0300,2254009342,edelikucuk,edelikucuk,,@DiyanetTV OrmanlarÄ±mÄ±zÄ± bilerek ve isteyerek yakanlarÄ± Allah (C.C.) Ä±slah etsin. CiÄŸerlerimiz yanÄ±yor.  https://t.co/5MGdHKP6VC,tr,[],[],[],0,0,0,[],[],https://twitter.com/edelikucuk/status/1421030198213029888,False,,1,https://pbs.twimg.com/ext_tw_video_thumb/1421029813658263553/pu/img/AEmlzrlp0-WtWs6X.jpg,,,,,,,"[{'screen_name': 'DiyanetTV', 'name': 'Diyanet TV', 'id': '1022121524'}]",,,,
1421027765160194055,1421014036330815489,2021-07-30 11:39:55 TÃ¼rkiye Standart Saati,2021-07-30,11:39:55,+0300,1396126166340317184,brahmyazar2,Ä°BRAHÄ°M YAZAR,,@DiyanetTV Allah rahmet eylesin mekanÄ± cennet olsun,tr,[],[],[],0,0,0,[],[],https://twitter.com/BRAHMYAZAR2/status/1421027765160194055,False,,0,,,,,,,,"[{'screen_name': 'DiyanetTV', 'name': 'Diyanet TV', 'id': '1022121524'}]",,,,
1421023436168646656,1421014036330815489,2021-07-30 11:22:43 TÃ¼rkiye Standart Saati,2021-07-30,11:22:43,+0300,1401267559383638016,aliadna13293339,Ali Adnan K,,@DiyanetTV Allah rahmet eylesin ailesine sabÄ±rlar versin,tr,[],[],[],0,0,0,[],[],https://twitter.com/AliAdna13293339/status/1421023436168646656,False,,0,,,,,,,,"[{'screen_name': 'DiyanetTV', 'name': 'Diyanet TV', 'id': '1022121524'}]",,,,
1420982658566344706,1036569681124052995,2021-07-30 08:40:41 TÃ¼rkiye Standart Saati,2021-07-30,08:40:41,+0300,43566027,melikeacar,Melike Acar,,@DiyanetTV @birolakbaba @DiyanetVakfi Para yetmez tabi,tr,[],[],[],0,0,1,[],[],https://twitter.com/MelikeAcar/status/1420982658566344706,False,,0,,,,,,,,"[{'screen_name': 'DiyanetTV', 'name': 'Diyanet TV', 'id': '1022121524'}, {'screen_name': 'birolakbaba', 'name': 'birol akbaba', 'id': '84933628'}, {'screen_name': 'DiyanetVakfi', 'name': 'TÃ¼rkiye Diyanet VakfÄ±', 'id': '718765592'}]",,,,
1420940125232578564,1420602534004150273,2021-07-30 05:51:40 TÃ¼rkiye Standart Saati,2021-07-30,05:51:40,+0300,633721801,c_ekici61,CE,,@DiyanetTV Amin,en,[],[],[],0,0,0,[],[],https://twitter.com/c_ekici61/status/1420940125232578564,False,,0,,,,,,,,"[{'screen_name': 'DiyanetTV', 'name': 'Diyanet TV', 'id': '1022121524'}]",,,,
1420939623258378240,1415417603770798088,2021-07-30 05:49:40 TÃ¼rkiye Standart Saati,2021-07-30,05:49:40,+0300,1395685014625472516,mahiodaci,Mahi ODACI,,@DiyanetTV Amin,en,[],[],[],0,0,0,[],[],https://twitter.com/MahiOdaci/status/1420939623258378240,False,,0,,,,,,,,"[{'screen_name': 'DiyanetTV', 'name': 'Diyanet TV', 'id': '1022121524'}]",,,,
1420845065618997253,1420844086794330121,2021-07-29 23:33:56 TÃ¼rkiye Standart Saati,2021-07-29,23:33:56,+0300,1378035182364721163,unalyilmz001,birdavaugruna01,,@DiyanetTV HayÄ±rlÄ± Cum'alar. Cum'a gÃ¼nÃ¼nÃ¼n kendimiz iÃ§in hayÄ±rlÄ± olup olmamasÄ± bizim elimizdedir.,tr,[],[],[],0,0,0,[],[],https://twitter.com/unalyilmz001/status/1420845065618997253,False,,0,,,,,,,,"[{'screen_name': 'DiyanetTV', 'name': 'Diyanet TV', 'id': '1022121524'}]",,,,
1420805588968251406,1420742189341188101,2021-07-29 20:57:04 TÃ¼rkiye Standart Saati,2021-07-29,20:57:04,+0300,354331942,yldray75,IÅIK YÄ±ldÄ±ray,,"@DiyanetTV GeÃ§miÅŸ olsun Allah yar ve yardÄ±mcÄ±larÄ± olsun bu bir felaket, kasÄ±tlÄ± yapÄ±lÄ±yor ise Allah bunlarÄ± kahrÄ± periÅŸan etsin",tr,[],[],[],0,0,0,[],[],https://twitter.com/yldray75/status/1420805588968251406,False,,0,,,,,,,,"[{'screen_name': 'DiyanetTV', 'name': 'Diyanet TV', 'id': '1022121524'}]",,,,
1420791225846730760,1420736054336892931,2021-07-29 19:59:59 TÃ¼rkiye Standart Saati,2021-07-29,19:59:59,+0300,2315413436,mustafa25427029,Mustafa ERTÃœRK,,"@DiyanetTV Bir ""insan""neden yakar sayilamayacak kadar canlÄ±yÄ± zannederim ruh bilimcilerin de aciz kaldÄ±ÄŸÄ± Bir durum..",tr,[],[],[],0,0,2,[],[],https://twitter.com/MUSTAFA25427029/status/1420791225846730760,False,,0,,,,,,,,"[{'screen_name': 'DiyanetTV', 'name': 'Diyanet TV', 'id': '1022121524'}]",,,,
1420789922856906753,1420742189341188101,2021-07-29 19:54:49 TÃ¼rkiye Standart Saati,2021-07-29,19:54:49,+0300,2315413436,mustafa25427029,Mustafa ERTÃœRK,,@DiyanetTV Ä°safiniz kurusun desek .. insaf Yok ki,tr,[],[],[],0,0,0,[],[],https://twitter.com/MUSTAFA25427029/status/1420789922856906753,False,,0,,,,,,,,"[{'screen_name': 'DiyanetTV', 'name': 'Diyanet TV', 'id': '1022121524'}]",,,,
1420777502201495557,1420602534004150273,2021-07-29 19:05:27 TÃ¼rkiye Standart Saati,2021-07-29,19:05:27,+0300,2174614480,ensar_gunay,ensar gÃ¼nay,,@DiyanetTV @havgerliali Amin amin amin,en,[],[],[],0,0,0,[],[],https://twitter.com/ensar_gunay/status/1420777502201495557,False,,0,,,,,,,,"[{'screen_name': 'DiyanetTV', 'name': 'Diyanet TV', 'id': '1022121524'}, {'screen_name': 'havgerliali', 'name': 'ali reyhan ğŸ•‹ ğŸ‡¹ğŸ‡·', 'id': '910820078286966784'}]",,,,
1420743816919748614,1420742189341188101,2021-07-29 16:51:36 TÃ¼rkiye Standart Saati,2021-07-29,16:51:36,+0300,897097155214794752,bilalfatihakba1,Bilal Fatih AkbaÅŸ,,@DiyanetTV Allah sana daha iyisini nasip etsin inÅŸ Amcam geÃ§miÅŸ olsun,tr,[],[],[],0,0,0,[],[],https://twitter.com/BilalFatihAkba1/status/1420743816919748614,False,,0,,,,,,,,"[{'screen_name': 'DiyanetTV', 'name': 'Diyanet TV', 'id': '1022121524'}]",,,,
1420743125417426957,1420742189341188101,2021-07-29 16:48:51 TÃ¼rkiye Standart Saati,2021-07-29,16:48:51,+0300,1100663070819565569,eda70409157,EdağŸŒ¿,,@DiyanetTV Devletimiz asla yalnÄ±z bÄ±rakmaz umuyorum buna inanmak istiyorum evlerini onlara geri verecektir,tr,[],[],[],0,0,0,[],[],https://twitter.com/Eda70409157/status/1420743125417426957,False,,0,,,,,,,,"[{'screen_name': 'DiyanetTV', 'name': 'Diyanet TV', 'id': '1022121524'}]",,,,
1420714211508998148,1420713782356086787,2021-07-29 14:53:58 TÃ¼rkiye Standart Saati,2021-07-29,14:53:58,+0300,76943372,inegazili,Mustafa Ã–zulu,,@DiyanetTV ğŸ˜­ğŸ˜­ğŸ¤²ğŸ¤²,und,[],[],[],0,0,0,[],[],https://twitter.com/inegazili/status/1420714211508998148,False,,0,,,,,,,,"[{'screen_name': 'DiyanetTV', 'name': 'Diyanet TV', 'id': '1022121524'}]",,,,
1420670118795923456,1420602534004150273,2021-07-29 11:58:45 TÃ¼rkiye Standart Saati,2021-07-29,11:58:45,+0300,1249442413292032004,baki99398707,Baki,,@DiyanetTV Amin ALLAH razÄ± olsun aÄŸzÄ±nÄ±za saÄŸlÄ±k sayÄ±n hocam,tr,[],[],[],0,0,0,[],[],https://twitter.com/Baki99398707/status/1420670118795923456,False,,0,,,,,,,,"[{'screen_name': 'DiyanetTV', 'name': 'Diyanet TV', 'id': '1022121524'}]",,,,
1420626678372577290,1420602534004150273,2021-07-29 09:06:08 TÃ¼rkiye Standart Saati,2021-07-29,09:06:08,+0300,1266730848822452226,esrazeynepsari,esrasarisin77@gmail.com,,@DiyanetTV Amin....,en,[],[],[],0,0,0,[],[],https://twitter.com/esrazeynepsari/status/1420626678372577290,False,,0,,,,,,,,"[{'screen_name': 'DiyanetTV', 'name': 'Diyanet TV', 'id': '1022121524'}]",,,,
1420620145588948992,1420602534004150273,2021-07-29 08:40:11 TÃ¼rkiye Standart Saati,2021-07-29,08:40:11,+0300,1572348266,abdullahsalos,abdullah salos,,@DiyanetTV Amin.,en,[],[],[],0,0,0,[],[],https://twitter.com/abdullahsalos/status/1420620145588948992,False,,0,,,,,,,,"[{'screen_name': 'DiyanetTV', 'name': 'Diyanet TV', 'id': '1022121524'}]",,,,
1420389022841585672,1420389022841585672,2021-07-28 17:21:47 TÃ¼rkiye Standart Saati,2021-07-28,17:21:47,+0300,1420386654569775108,mikail69224531,Mikail,,@DiyanetTV,und,[],[],[],0,0,0,[],[],https://twitter.com/Mikail69224531/status/1420389022841585672,False,,0,,,,,,,,[],,,,
1420307963235999748,1420081550838861826,2021-07-28 11:59:41 TÃ¼rkiye Standart Saati,2021-07-28,11:59:41,+0300,1073365897,rdsevim,RÄ±dvan Sevim,,"@DiyanetTV @DiyanetVakfi Belki de bunun iÃ§in fakirler..!!DÃœÅÃœNÃœN..!                                                      TarÄ±m, zanaat, hayvancÄ±lÄ±k Ã¶ÄŸrenselerdi..???                                            DÃœÅÃœNÃœN.!",tr,[],[],[],0,0,0,[],[],https://twitter.com/rdsevim/status/1420307963235999748,False,,0,,,,,,,,"[{'screen_name': 'DiyanetTV', 'name': 'Diyanet TV', 'id': '1022121524'}, {'screen_name': 'DiyanetVakfi', 'name': 'TÃ¼rkiye Diyanet VakfÄ±', 'id': '718765592'}]",,,,
1420253537355935744,1420119313386721280,2021-07-28 08:23:24 TÃ¼rkiye Standart Saati,2021-07-28,08:23:24,+0300,1410449557306150917,musa12212467,Musa,,@DiyanetTV Benim gÃ¼nahlar kalsÄ±n silme,tr,[],[],[],0,0,0,[],[],https://twitter.com/Musa12212467/status/1420253537355935744,False,,0,,,,,,,,"[{'screen_name': 'DiyanetTV', 'name': 'Diyanet TV', 'id': '1022121524'}]",,,,
1420120849282129924,1420119313386721280,2021-07-27 23:36:09 TÃ¼rkiye Standart Saati,2021-07-27,23:36:09,+0300,228042443,serdarfa,Serdar F. Akdeniz,,@DiyanetTV Ã‚min,tr,[],[],[],0,0,0,[],[],https://twitter.com/Serdarfa/status/1420120849282129924,False,,0,,,,,,,,"[{'screen_name': 'DiyanetTV', 'name': 'Diyanet TV', 'id': '1022121524'}]",,,,
1419907110645780504,1419605960381894659,2021-07-27 09:26:50 TÃ¼rkiye Standart Saati,2021-07-27,09:26:50,+0300,1392096360032313359,kilibob_,John Frum,,@DiyanetTV KardeÅŸ boÄŸmak da adalete dahil mi?,tr,[],[],[],0,0,0,[],[],https://twitter.com/Kilibob_/status/1419907110645780504,False,,0,,,,,,,,"[{'screen_name': 'DiyanetTV', 'name': 'Diyanet TV', 'id': '1022121524'}]",,,,
1419849108764901376,1419605960381894659,2021-07-27 05:36:21 TÃ¼rkiye Standart Saati,2021-07-27,05:36:21,+0300,1165977601959235584,pis_pisko,pis_pisko,,@DiyanetTV Adalet ve merhamet derken?!?,nl,[],[],[],0,0,0,[],[],https://twitter.com/pis_pisko/status/1419849108764901376,False,,0,,,,,,,,"[{'screen_name': 'DiyanetTV', 'name': 'Diyanet TV', 'id': '1022121524'}]",,,,
